<annotation>
	<folder>plates_update</folder>
	<filename>0024.png</filename>
	<path>/home/user/Downloads/plates_update-20220204T082804Z-001/plates_update/0024.png</path>
	<source>
		<database>Unknown</database>
	</source>
	<size>
		<width>268</width>
		<height>80</height>
		<depth>3</depth>
	</size>
	<segmented>0</segmented>
	<object>
		<name>A</name>
		<pose>Unspecified</pose>
		<truncated>0</truncated>
		<difficult>0</difficult>
		<bndbox>
			<xmin>37</xmin>
			<ymin>24</ymin>
			<xmax>55</xmax>
			<ymax>56</ymax>
		</bndbox>
	</object>
	<object>
		<name>S</name>
		<pose>Unspecified</pose>
		<truncated>0</truncated>
		<difficult>0</difficult>
		<bndbox>
			<xmin>57</xmin>
			<ymin>26</ymin>
			<xmax>76</xmax>
			<ymax>56</ymax>
		</bndbox>
	</object>
	<object>
		<name>M</name>
		<pose>Unspecified</pose>
		<truncated>0</truncated>
		<difficult>0</difficult>
		<bndbox>
			<xmin>136</xmin>
			<ymin>27</ymin>
			<xmax>154</xmax>
			<ymax>58</ymax>
		</bndbox>
	</object>
	<object>
		<name>1</name>
		<pose>Unspecified</pose>
		<truncated>0</truncated>
		<difficult>0</difficult>
		<bndbox>
			<xmin>168</xmin>
			<ymin>27</ymin>
			<xmax>182</xmax>
			<ymax>59</ymax>
		</bndbox>
	</object>
	<object>
		<name>4</name>
		<pose>Unspecified</pose>
		<truncated>0</truncated>
		<difficult>0</difficult>
		<bndbox>
			<xmin>227</xmin>
			<ymin>27</ymin>
			<xmax>246</xmax>
			<ymax>58</ymax>
		</bndbox>
	</object>
</annotation>
