<annotation>
	<folder>plates</folder>
	<filename>0028.png</filename>
	<path>C:\Users\Fra\Downloads\plates\0028.png</path>
	<source>
		<database>Unknown</database>
	</source>
	<size>
		<width>2126</width>
		<height>491</height>
		<depth>3</depth>
	</size>
	<segmented>0</segmented>
	<object>
		<name>K</name>
		<pose>Unspecified</pose>
		<truncated>0</truncated>
		<difficult>0</difficult>
		<bndbox>
			<xmin>71</xmin>
			<ymin>99</ymin>
			<xmax>241</xmax>
			<ymax>394</ymax>
		</bndbox>
	</object>
	<object>
		<name>L</name>
		<pose>Unspecified</pose>
		<truncated>0</truncated>
		<difficult>0</difficult>
		<bndbox>
			<xmin>268</xmin>
			<ymin>101</ymin>
			<xmax>440</xmax>
			<ymax>394</ymax>
		</bndbox>
	</object>
	<object>
		<name>3</name>
		<pose>Unspecified</pose>
		<truncated>0</truncated>
		<difficult>0</difficult>
		<bndbox>
			<xmin>507</xmin>
			<ymin>101</ymin>
			<xmax>675</xmax>
			<ymax>393</ymax>
		</bndbox>
	</object>
	<object>
		<name>1</name>
		<pose>Unspecified</pose>
		<truncated>0</truncated>
		<difficult>0</difficult>
		<bndbox>
			<xmin>688</xmin>
			<ymin>105</ymin>
			<xmax>864</xmax>
			<ymax>392</ymax>
		</bndbox>
	</object>
	<object>
		<name>B</name>
		<pose>Unspecified</pose>
		<truncated>0</truncated>
		<difficult>0</difficult>
		<bndbox>
			<xmin>970</xmin>
			<ymin>107</ymin>
			<xmax>1137</xmax>
			<ymax>399</ymax>
		</bndbox>
	</object>
	<object>
		<name>4</name>
		<pose>Unspecified</pose>
		<truncated>0</truncated>
		<difficult>0</difficult>
		<bndbox>
			<xmin>1281</xmin>
			<ymin>103</ymin>
			<xmax>1464</xmax>
			<ymax>394</ymax>
		</bndbox>
	</object>
	<object>
		<name>0</name>
		<pose>Unspecified</pose>
		<truncated>0</truncated>
		<difficult>0</difficult>
		<bndbox>
			<xmin>1479</xmin>
			<ymin>103</ymin>
			<xmax>1656</xmax>
			<ymax>394</ymax>
		</bndbox>
	</object>
	<object>
		<name>0</name>
		<pose>Unspecified</pose>
		<truncated>0</truncated>
		<difficult>0</difficult>
		<bndbox>
			<xmin>1668</xmin>
			<ymin>101</ymin>
			<xmax>1842</xmax>
			<ymax>396</ymax>
		</bndbox>
	</object>
	<object>
		<name>0</name>
		<pose>Unspecified</pose>
		<truncated>0</truncated>
		<difficult>0</difficult>
		<bndbox>
			<xmin>1855</xmin>
			<ymin>99</ymin>
			<xmax>2023</xmax>
			<ymax>386</ymax>
		</bndbox>
	</object>
</annotation>
