<annotation>
	<folder>plates_update</folder>
	<filename>0057.png</filename>
	<path>/home/user/Downloads/plates_update-20220204T082804Z-001/plates_update/0057.png</path>
	<source>
		<database>Unknown</database>
	</source>
	<size>
		<width>139</width>
		<height>52</height>
		<depth>3</depth>
	</size>
	<segmented>0</segmented>
	<object>
		<name>H</name>
		<pose>Unspecified</pose>
		<truncated>0</truncated>
		<difficult>0</difficult>
		<bndbox>
			<xmin>46</xmin>
			<ymin>14</ymin>
			<xmax>63</xmax>
			<ymax>30</ymax>
		</bndbox>
	</object>
	<object>
		<name>P</name>
		<pose>Unspecified</pose>
		<truncated>0</truncated>
		<difficult>0</difficult>
		<bndbox>
			<xmin>64</xmin>
			<ymin>11</ymin>
			<xmax>79</xmax>
			<ymax>25</ymax>
		</bndbox>
	</object>
	<object>
		<name>8</name>
		<pose>Unspecified</pose>
		<truncated>0</truncated>
		<difficult>0</difficult>
		<bndbox>
			<xmin>86</xmin>
			<ymin>7</ymin>
			<xmax>103</xmax>
			<ymax>21</ymax>
		</bndbox>
	</object>
	<object>
		<name>9</name>
		<pose>Unspecified</pose>
		<truncated>0</truncated>
		<difficult>0</difficult>
		<bndbox>
			<xmin>104</xmin>
			<ymin>4</ymin>
			<xmax>118</xmax>
			<ymax>18</ymax>
		</bndbox>
	</object>
	<object>
		<name>6</name>
		<pose>Unspecified</pose>
		<truncated>0</truncated>
		<difficult>0</difficult>
		<bndbox>
			<xmin>41</xmin>
			<ymin>30</ymin>
			<xmax>63</xmax>
			<ymax>51</ymax>
		</bndbox>
	</object>
	<object>
		<name>7</name>
		<pose>Unspecified</pose>
		<truncated>0</truncated>
		<difficult>0</difficult>
		<bndbox>
			<xmin>63</xmin>
			<ymin>25</ymin>
			<xmax>85</xmax>
			<ymax>47</ymax>
		</bndbox>
	</object>
	<object>
		<name>8</name>
		<pose>Unspecified</pose>
		<truncated>0</truncated>
		<difficult>0</difficult>
		<bndbox>
			<xmin>86</xmin>
			<ymin>21</ymin>
			<xmax>109</xmax>
			<ymax>42</ymax>
		</bndbox>
	</object>
	<object>
		<name>6</name>
		<pose>Unspecified</pose>
		<truncated>0</truncated>
		<difficult>0</difficult>
		<bndbox>
			<xmin>110</xmin>
			<ymin>17</ymin>
			<xmax>131</xmax>
			<ymax>37</ymax>
		</bndbox>
	</object>
</annotation>
