<annotation>
	<folder>plates_update</folder>
	<filename>0100.png</filename>
	<path>/home/user/Downloads/plates_update-20220204T082804Z-001/plates_update/0100.png</path>
	<source>
		<database>Unknown</database>
	</source>
	<size>
		<width>199</width>
		<height>109</height>
		<depth>3</depth>
	</size>
	<segmented>0</segmented>
	<object>
		<name>K</name>
		<pose>Unspecified</pose>
		<truncated>0</truncated>
		<difficult>0</difficult>
		<bndbox>
			<xmin>58</xmin>
			<ymin>17</ymin>
			<xmax>84</xmax>
			<ymax>57</ymax>
		</bndbox>
	</object>
	<object>
		<name>L</name>
		<pose>Unspecified</pose>
		<truncated>0</truncated>
		<difficult>0</difficult>
		<bndbox>
			<xmin>85</xmin>
			<ymin>18</ymin>
			<xmax>110</xmax>
			<ymax>57</ymax>
		</bndbox>
	</object>
	<object>
		<name>T</name>
		<pose>Unspecified</pose>
		<truncated>0</truncated>
		<difficult>0</difficult>
		<bndbox>
			<xmin>50</xmin>
			<ymin>58</ymin>
			<xmax>74</xmax>
			<ymax>100</ymax>
		</bndbox>
	</object>
	<object>
		<name>7</name>
		<pose>Unspecified</pose>
		<truncated>0</truncated>
		<difficult>0</difficult>
		<bndbox>
			<xmin>82</xmin>
			<ymin>59</ymin>
			<xmax>107</xmax>
			<ymax>100</ymax>
		</bndbox>
	</object>
	<object>
		<name>0</name>
		<pose>Unspecified</pose>
		<truncated>0</truncated>
		<difficult>0</difficult>
		<bndbox>
			<xmin>124</xmin>
			<ymin>19</ymin>
			<xmax>152</xmax>
			<ymax>57</ymax>
		</bndbox>
	</object>
	<object>
		<name>8</name>
		<pose>Unspecified</pose>
		<truncated>0</truncated>
		<difficult>0</difficult>
		<bndbox>
			<xmin>154</xmin>
			<ymin>20</ymin>
			<xmax>175</xmax>
			<ymax>58</ymax>
		</bndbox>
	</object>
	<object>
		<name>2</name>
		<pose>Unspecified</pose>
		<truncated>0</truncated>
		<difficult>0</difficult>
		<bndbox>
			<xmin>110</xmin>
			<ymin>60</ymin>
			<xmax>134</xmax>
			<ymax>100</ymax>
		</bndbox>
	</object>
	<object>
		<name>5</name>
		<pose>Unspecified</pose>
		<truncated>0</truncated>
		<difficult>0</difficult>
		<bndbox>
			<xmin>137</xmin>
			<ymin>61</ymin>
			<xmax>160</xmax>
			<ymax>101</ymax>
		</bndbox>
	</object>
	<object>
		<name>3</name>
		<pose>Unspecified</pose>
		<truncated>0</truncated>
		<difficult>0</difficult>
		<bndbox>
			<xmin>163</xmin>
			<ymin>61</ymin>
			<xmax>188</xmax>
			<ymax>101</ymax>
		</bndbox>
	</object>
</annotation>
