<annotation>
	<folder>plates</folder>
	<filename>0171.png</filename>
	<path>C:\Users\Fra\Downloads\plates\0171.png</path>
	<source>
		<database>Unknown</database>
	</source>
	<size>
		<width>403</width>
		<height>110</height>
		<depth>3</depth>
	</size>
	<segmented>0</segmented>
	<object>
		<name>F</name>
		<pose>Unspecified</pose>
		<truncated>0</truncated>
		<difficult>0</difficult>
		<bndbox>
			<xmin>60</xmin>
			<ymin>10</ymin>
			<xmax>103</xmax>
			<ymax>73</ymax>
		</bndbox>
	</object>
	<object>
		<name>L</name>
		<pose>Unspecified</pose>
		<truncated>0</truncated>
		<difficult>0</difficult>
		<bndbox>
			<xmin>108</xmin>
			<ymin>12</ymin>
			<xmax>151</xmax>
			<ymax>74</ymax>
		</bndbox>
	</object>
	<object>
		<name>U</name>
		<pose>Unspecified</pose>
		<truncated>0</truncated>
		<difficult>0</difficult>
		<bndbox>
			<xmin>156</xmin>
			<ymin>12</ymin>
			<xmax>198</xmax>
			<ymax>73</ymax>
		</bndbox>
	</object>
	<object>
		<name>S</name>
		<pose>Unspecified</pose>
		<truncated>0</truncated>
		<difficult>0</difficult>
		<bndbox>
			<xmin>204</xmin>
			<ymin>13</ymin>
			<xmax>245</xmax>
			<ymax>74</ymax>
		</bndbox>
	</object>
	<object>
		<name>S</name>
		<pose>Unspecified</pose>
		<truncated>0</truncated>
		<difficult>0</difficult>
		<bndbox>
			<xmin>250</xmin>
			<ymin>15</ymin>
			<xmax>292</xmax>
			<ymax>75</ymax>
		</bndbox>
	</object>
	<object>
		<name>H</name>
		<pose>Unspecified</pose>
		<truncated>0</truncated>
		<difficult>0</difficult>
		<bndbox>
			<xmin>296</xmin>
			<ymin>13</ymin>
			<xmax>339</xmax>
			<ymax>75</ymax>
		</bndbox>
	</object>
</annotation>
