<annotation>
	<folder>plates</folder>
	<filename>0186.png</filename>
	<path>C:\Users\Fra\Downloads\plates\0186.png</path>
	<source>
		<database>Unknown</database>
	</source>
	<size>
		<width>209</width>
		<height>48</height>
		<depth>3</depth>
	</size>
	<segmented>0</segmented>
	<object>
		<name>M</name>
		<pose>Unspecified</pose>
		<truncated>0</truncated>
		<difficult>0</difficult>
		<bndbox>
			<xmin>14</xmin>
			<ymin>15</ymin>
			<xmax>32</xmax>
			<ymax>34</ymax>
		</bndbox>
	</object>
	<object>
		<name>H</name>
		<pose>Unspecified</pose>
		<truncated>0</truncated>
		<difficult>0</difficult>
		<bndbox>
			<xmin>31</xmin>
			<ymin>16</ymin>
			<xmax>47</xmax>
			<ymax>35</ymax>
		</bndbox>
	</object>
	<object>
		<name>2</name>
		<pose>Unspecified</pose>
		<truncated>0</truncated>
		<difficult>0</difficult>
		<bndbox>
			<xmin>51</xmin>
			<ymin>17</ymin>
			<xmax>66</xmax>
			<ymax>36</ymax>
		</bndbox>
	</object>
	<object>
		<name>0</name>
		<pose>Unspecified</pose>
		<truncated>0</truncated>
		<difficult>0</difficult>
		<bndbox>
			<xmin>67</xmin>
			<ymin>19</ymin>
			<xmax>81</xmax>
			<ymax>36</ymax>
		</bndbox>
	</object>
	<object>
		<name>D</name>
		<pose>Unspecified</pose>
		<truncated>0</truncated>
		<difficult>0</difficult>
		<bndbox>
			<xmin>86</xmin>
			<ymin>19</ymin>
			<xmax>102</xmax>
			<ymax>36</ymax>
		</bndbox>
	</object>
	<object>
		<name>V</name>
		<pose>Unspecified</pose>
		<truncated>0</truncated>
		<difficult>0</difficult>
		<bndbox>
			<xmin>102</xmin>
			<ymin>18</ymin>
			<xmax>117</xmax>
			<ymax>37</ymax>
		</bndbox>
	</object>
	<object>
		<name>2</name>
		<pose>Unspecified</pose>
		<truncated>0</truncated>
		<difficult>0</difficult>
		<bndbox>
			<xmin>122</xmin>
			<ymin>18</ymin>
			<xmax>136</xmax>
			<ymax>35</ymax>
		</bndbox>
	</object>
	<object>
		<name>3</name>
		<pose>Unspecified</pose>
		<truncated>0</truncated>
		<difficult>0</difficult>
		<bndbox>
			<xmin>138</xmin>
			<ymin>18</ymin>
			<xmax>152</xmax>
			<ymax>35</ymax>
		</bndbox>
	</object>
	<object>
		<name>6</name>
		<pose>Unspecified</pose>
		<truncated>0</truncated>
		<difficult>0</difficult>
		<bndbox>
			<xmin>153</xmin>
			<ymin>18</ymin>
			<xmax>167</xmax>
			<ymax>35</ymax>
		</bndbox>
	</object>
	<object>
		<name>2</name>
		<pose>Unspecified</pose>
		<truncated>0</truncated>
		<difficult>0</difficult>
		<bndbox>
			<xmin>169</xmin>
			<ymin>17</ymin>
			<xmax>183</xmax>
			<ymax>35</ymax>
		</bndbox>
	</object>
</annotation>
